{
  "Binary Execution": {
    "arm64": {
      "avg": 0.024,
      "min": 0.023469541,
      "max": 0.025260167,
      "stddev": 0
    }
  },
  "Bzip2 Compression": {
    "arm64": {
      "avg": 81.962,
      "min": 81.667141843,
      "max": 82.256239830,
      "stddev": 0.240499
    }
  },
  "C Compilation": {
    "arm64": {
      "avg": 0.048,
      "min": 0.041847666,
      "max": 0.059196291,
      "stddev": 0.007745
    }
  },
  "Context Switching": {
    "arm64": {
      "avg": 0.405,
      "min": 0.377653375,
      "max": 0.447248750,
      "stddev": 0.030149
    }
  },
  "Crypto Operations": {
    "arm64": {
      "avg": 0.270,
      "min": 0.226047917,
      "max": 0.295371792,
      "stddev": 0.031496
    }
  },
  "File I/O Operations": {
    "arm64": {
      "avg": 23.305,
      "min": 23.117562539,
      "max": 23.425868622,
      "stddev": 0.134799
    }
  },
  "Floating Point Math": {
    "arm64": {
      "avg": 0.430,
      "min": 0.275576376,
      "max": 0.668363459,
      "stddev": 0.170959
    }
  },
  "Gzip Compression": {
    "arm64": {
      "avg": 19.079,
      "min": 19.055854426,
      "max": 19.092504995,
      "stddev": 0.016583
    }
  },
  "Integer Arithmetic": {
    "arm64": {
      "avg": 5.660,
      "min": 5.523414169,
      "max": 5.893345044,
      "stddev": 0.165360
    }
  },
  "JSON Parsing": {
    "arm64": {
      "avg": 0.028,
      "min": 0.027227459,
      "max": 0.031349750,
      "stddev": 0.001732
    }
  },
  "Matrix Multiplication": {
    "arm64": {
      "avg": 34.760,
      "min": 34.614474461,
      "max": 34.833780378,
      "stddev": 0.103305
    }
  },
  "Process Creation": {
    "arm64": {
      "avg": 0.849,
      "min": 0.825392584,
      "max": 0.882237667,
      "stddev": 0.023853
    }
  },
  "String Processing": {
    "arm64": {
      "avg": 0.120,
      "min": 0.101189208,
      "max": 0.153820583,
      "stddev": 0.023706
    }
  },
  "System Call Intensive": {
    "arm64": {
      "avg": 34.501,
      "min": 33.746012335,
      "max": 35.465015030,
      "stddev": 0.716895
    }
  },
  "XZ Compression": {
    "arm64": {
      "avg": 83.689,
      "min": 82.485961830,
      "max": 84.917485623,
      "stddev": 0.992821
    }
  }
}
