{
  "Binary Execution": {
    "amd64": {
      "avg": 0.049,
      "min": 0.048942750,
      "max": 0.050840709,
      "stddev": 0.001000
    }
  },
  "Bzip2 Compression": {
    "amd64": {
      "avg": 91.400,
      "min": 90.509776959,
      "max": 92.201412376,
      "stddev": 0.693510
    }
  },
  "C Compilation": {
    "amd64": {
      "avg": 0.405,
      "min": 0.396300986,
      "max": 0.417447833,
      "stddev": 0.008944
    }
  },
  "Context Switching": {
    "amd64": {
      "avg": 0.373,
      "min": 0.355369208,
      "max": 0.393137000,
      "stddev": 0.015459
    }
  },
  "Crypto Operations": {
    "amd64": {
      "avg": 0.450,
      "min": 0.418167167,
      "max": 0.480041750,
      "stddev": 0.025377
    }
  },
  "File I/O Operations": {
    "amd64": {
      "avg": 42.519,
      "min": 42.209860173,
      "max": 43.042120839,
      "stddev": 0.371655
    }
  },
  "Floating Point Math": {
    "amd64": {
      "avg": 0.738,
      "min": 0.582823125,
      "max": 1.040447625,
      "stddev": 0.213794
    }
  },
  "Gzip Compression": {
    "amd64": {
      "avg": 23.579,
      "min": 22.137016844,
      "max": 24.804267039,
      "stddev": 1.099640
    }
  },
  "Integer Arithmetic": {
    "amd64": {
      "avg": 7.688,
      "min": 7.513156087,
      "max": 7.997368128,
      "stddev": 0.219152
    }
  },
  "JSON Parsing": {
    "amd64": {
      "avg": 0.069,
      "min": 0.067932250,
      "max": 0.072545833,
      "stddev": 0.002000
    }
  },
  "Matrix Multiplication": {
    "amd64": {
      "avg": 35.129,
      "min": 34.962239613,
      "max": 35.417660127,
      "stddev": 0.204926
    }
  },
  "Process Creation": {
    "amd64": {
      "avg": 1.076,
      "min": 1.045135209,
      "max": 1.136447792,
      "stddev": 0.042083
    }
  },
  "String Processing": {
    "amd64": {
      "avg": 0.206,
      "min": 0.190582042,
      "max": 0.232210375,
      "stddev": 0.018411
    }
  },
  "System Call Intensive": {
    "amd64": {
      "avg": 83.565,
      "min": 83.219924580,
      "max": 83.858803122,
      "stddev": 0.263520
    }
  },
  "XZ Compression": {
    "amd64": {
      "avg": 99.452,
      "min": 98.936554462,
      "max": 99.941104797,
      "stddev": 0.410563
    }
  }
}
